City_ID,City,Country,Date,Lat,Lng,Max Temp,Humidity,Cloudiness,Wind Speed
0,Yulara,AU,2020-11-04 01:10:24,-25.24,130.99,87.8,29,100,8.05
1,Yulara,AU,2020-11-04 01:10:24,-25.24,130.99,87.8,29,100,8.05
2,Yulara,AU,2020-11-04 01:10:24,-25.24,130.99,87.8,29,100,8.05
3,Yulara,AU,2020-11-04 01:10:24,-25.24,130.99,87.8,29,100,8.05
4,Cauquenes,CL,2020-11-04 01:12:32,-35.97,-72.32,56.82,51,0,5.03
5,Sao Filipe,CV,2020-11-04 01:13:41,14.9,-24.5,78.4,74,100,4.03
6,Asyut,EG,2020-11-04 01:13:37,27.18,31.18,71.6,53,0,6.93
7,Punta Arenas,CL,2020-11-04 01:13:21,-53.15,-70.92,46.4,87,75,10.29
8,Payo,ID,2020-11-04 01:17:17,-3.75,103.64,79.41,76,100,0.85
9,New Norfolk,AU,2020-11-04 01:17:17,-42.78,147.06,73.4,43,75,17.22
10,Yellowknife,CA,2020-11-04 01:17:17,62.46,-114.35,1.4,84,75,5.82
11,Puerto Ayora,EC,2020-11-04 01:17:18,-0.74,-90.35,69.01,93,88,5.01
12,Ushuaia,AR,2020-11-04 01:12:58,-54.8,-68.3,53.6,54,40,18.34
13,Hermanus,ZA,2020-11-04 01:17:18,-34.42,19.23,64.0,93,100,12.06
14,Camana,PE,2020-11-04 01:17:18,-16.62,-72.71,64.2,78,91,5.75
15,Ampanihy,MG,2020-11-04 01:17:18,-24.7,44.75,71.29,75,0,5.55
16,Tasiilaq,GL,2020-11-04 01:17:18,65.61,-37.64,33.8,86,100,35.57
17,Mahebourg,MU,2020-11-04 01:17:18,-20.41,57.7,68.0,88,75,4.7
18,Butaritari,KI,2020-11-04 01:17:19,3.07,172.79,81.46,72,89,16.46
19,Cape Town,ZA,2020-11-04 01:17:19,-33.93,18.42,68.0,68,0,9.17
20,Atuona,PF,2020-11-04 01:17:19,-9.8,-139.03,78.28,74,71,19.64
21,Mecca,SA,2020-11-04 01:14:10,21.43,39.83,75.24,84,0,4.74
22,Lasa,IT,2020-11-04 01:13:13,46.62,10.7,50.0,100,40,3.36
23,Hastings,GB,2020-11-04 01:17:19,50.86,0.57,42.01,80,12,1.99
24,Hobart,AU,2020-11-04 01:14:34,-42.88,147.33,73.4,43,75,17.22
25,Cherskiy,RU,2020-11-04 01:17:20,68.75,161.3,-5.15,85,0,3.29
26,Mar Del Plata,AR,2020-11-04 01:16:47,-38.0,-57.56,60.01,93,0,11.41
27,Lagoa,PT,2020-11-04 01:17:20,39.05,-27.98,61.21,70,100,18.63
28,Albany,US,2020-11-04 01:16:34,42.6,-73.97,32.0,80,0,2.75
29,Beringovskiy,RU,2020-11-04 01:17:20,63.05,179.32,23.36,81,76,9.75
30,Agadir,MA,2020-11-04 01:17:20,30.42,-9.6,59.0,87,0,8.05
31,Grand Gaube,MU,2020-11-04 01:17:20,-20.01,57.66,69.01,76,76,5.01
32,Vanderhoof,CA,2020-11-04 01:14:00,54.02,-124.02,46.27,75,100,9.95
33,Lavrentiya,RU,2020-11-04 01:17:21,65.58,-171.0,18.39,86,0,14.67
34,Pringsewu,ID,2020-11-04 01:17:21,-5.36,104.97,79.86,79,100,4.63
35,Carlos Chagas,BR,2020-11-04 01:17:21,-17.7,-40.77,65.59,88,100,4.38
36,Bandarbeyla,SO,2020-11-04 01:17:21,9.49,50.81,74.89,81,70,16.31
37,Bambous Virieux,MU,2020-11-04 01:17:21,-20.34,57.76,69.01,88,75,4.7
38,Airai,TL,2020-11-04 01:17:21,-8.93,125.41,78.46,36,93,4.27
39,Porto Murtinho,BR,2020-11-04 01:17:21,-21.7,-57.88,74.12,46,0,3.06
40,Tallahassee,US,2020-11-04 01:12:44,30.44,-84.28,53.6,66,1,3.85
41,Barrow,US,2020-11-04 01:17:22,71.29,-156.79,10.4,85,90,10.29
42,Georgetown,MY,2020-11-04 01:14:41,5.41,100.34,78.8,88,40,5.82
43,Rikitea,PF,2020-11-04 01:17:22,-23.12,-134.97,72.77,78,27,16.84
44,Bethel,US,2020-11-04 01:17:22,41.37,-73.41,36.0,69,1,2.55
45,Lata,PT,2020-11-04 01:17:22,40.16,-8.33,54.0,81,0,1.01
46,Jamestown,US,2020-11-04 01:17:00,42.1,-79.24,44.01,90,1,5.82
47,Yumen,CN,2020-11-04 01:14:01,40.28,97.2,36.97,64,73,9.37
48,Kaitangata,NZ,2020-11-04 01:17:23,-46.28,169.85,62.01,72,0,7.0
49,Bluff,NZ,2020-11-04 01:17:23,-46.6,168.33,58.19,59,0,4.32
50,Itaituba,BR,2020-11-04 01:12:40,-4.28,-55.98,77.02,89,99,2.95
51,Pacific Grove,US,2020-11-04 01:12:42,36.62,-121.92,57.2,82,40,8.05
52,Hilo,US,2020-11-04 01:12:56,19.73,-155.09,86.0,62,40,11.41
53,Vaitape,PF,2020-11-04 01:17:23,-16.52,-151.75,80.4,80,100,18.45
54,Cuauhtemoc,MX,2020-11-04 01:17:23,28.42,-106.87,57.15,42,0,7.49
55,Narsaq,GL,2020-11-04 01:17:24,60.92,-46.05,35.6,80,100,9.17
56,Vaini,TO,2020-11-04 01:13:11,-21.2,-175.2,80.6,78,40,16.11
57,Arraial Do Cabo,BR,2020-11-04 01:17:24,-22.97,-42.03,69.1,78,100,16.24
58,East London,ZA,2020-11-04 01:15:49,-33.02,27.91,67.62,87,64,0.92
59,Nieuwpoort,BE,2020-11-04 01:17:24,51.12,2.77,42.8,87,90,6.93
60,Gatton,AU,2020-11-04 01:17:24,-27.55,152.28,80.01,44,20,5.82
61,Faya,SA,2020-11-04 01:14:06,18.39,42.45,57.2,93,0,1.23
62,Carnarvon,AU,2020-11-04 01:17:24,-24.87,113.63,75.2,47,0,17.22
63,Ponta Do Sol,PT,2020-11-04 01:17:25,32.67,-17.1,64.4,72,75,25.28
64,San Juan Del Sur,NI,2020-11-04 01:17:25,11.25,-85.87,76.98,88,100,13.62
65,Komsomolskiy,UZ,2020-11-04 01:17:25,40.43,71.72,39.2,48,0,4.7
66,Fujin,CN,2020-11-04 01:17:25,47.26,132.03,27.43,75,0,17.96
67,Howard Springs,AU,2020-11-04 01:17:25,-12.5,131.05,87.8,62,75,5.82
68,Mataura,NZ,2020-11-04 01:17:25,-46.19,168.86,75.18,42,0,4.72
69,Sosnovo,RU,2020-11-04 01:17:26,60.55,30.21,48.99,86,83,10.89
70,Eureka,US,2020-11-04 01:12:49,40.8,-124.16,57.99,90,42,3.31
71,Maceio,BR,2020-11-04 01:17:26,-9.67,-35.74,77.0,88,0,10.29
72,Bredasdorp,ZA,2020-11-04 01:17:26,-34.53,20.04,66.2,93,79,4.7
73,Altagracia De Orituco,VE,2020-11-04 01:14:03,9.86,-66.38,71.69,94,55,3.51
74,Bireun,ID,2020-11-04 01:15:57,5.2,96.7,77.18,84,100,5.55
75,Gambela,ET,2020-11-04 01:17:26,8.25,34.58,72.18,76,0,4.29
76,Paraopeba,BR,2020-11-04 01:17:27,-19.28,-44.4,62.6,93,75,6.93
77,Repcelak,HU,2020-11-04 01:17:27,47.42,17.02,55.99,100,75,1.54
78,Harper,LR,2020-11-04 01:17:27,4.38,-7.72,78.24,88,13,7.25
79,Nikolskoye,RU,2020-11-04 01:17:27,59.7,30.79,48.2,87,90,8.95
80,Dhamnod,IN,2020-11-04 01:17:27,22.22,75.47,67.57,39,0,3.65
81,Saskylakh,RU,2020-11-04 01:17:27,71.92,114.08,-5.08,91,96,2.77
82,Chokurdakh,RU,2020-11-04 01:17:27,70.63,147.92,-15.93,82,0,4.54
83,Busselton,AU,2020-11-04 01:17:28,-33.65,115.33,62.01,68,26,3.0
84,Beloha,MG,2020-11-04 01:17:28,-25.17,45.05,68.07,80,0,3.53
85,Humaita,BR,2020-11-04 01:17:28,-7.51,-63.02,72.93,96,100,1.77
86,Pisco,PE,2020-11-04 01:17:28,-13.7,-76.22,64.4,82,0,10.29
87,Ilulissat,GL,2020-11-04 01:17:28,69.22,-51.1,37.4,74,100,8.05
88,Talcahuano,CL,2020-11-04 01:17:28,-36.72,-73.12,53.6,81,75,6.93
89,Smithers,CA,2020-11-04 01:17:28,54.78,-127.17,42.8,93,75,3.36
90,Saint George,US,2020-11-04 01:13:42,37.1,-113.58,77.0,20,1,5.82
91,Anadyr,RU,2020-11-04 01:17:29,64.75,177.48,6.8,77,0,6.71
92,Warri,NG,2020-11-04 01:17:29,5.52,5.75,77.41,92,100,2.95
93,Ca Mau,VN,2020-11-04 01:17:29,9.18,105.15,80.69,83,100,1.79
94,Aurillac,FR,2020-11-04 01:17:29,44.92,2.45,43.0,93,0,4.7
95,Hirara,JP,2020-11-04 01:17:29,24.8,125.28,75.2,68,75,18.34
96,Dikson,RU,2020-11-04 01:13:00,73.51,80.55,3.97,91,0,7.16
97,Broome,US,2020-11-04 01:17:30,42.25,-75.83,33.8,74,1,2.3
98,Souillac,MU,2020-11-04 01:17:30,-20.52,57.52,68.0,88,75,4.7
99,Thompson,CA,2020-11-04 01:17:30,55.74,-97.86,23.0,100,90,3.87
100,Bundaberg,AU,2020-11-04 01:17:30,-24.85,152.35,80.6,42,75,5.82
101,Rebrikha,RU,2020-11-04 01:17:30,53.07,82.34,27.9,95,100,9.66
102,Kudahuvadhoo,MV,2020-11-04 01:17:30,2.67,72.89,82.85,70,57,4.81
103,Maumere,ID,2020-11-04 01:17:31,-8.62,122.21,86.09,65,21,3.8
104,Hasaki,JP,2020-11-04 01:17:31,35.73,140.83,59.0,50,20,6.93
105,Provideniya,RU,2020-11-04 01:17:31,64.38,-173.3,17.31,84,0,7.43
106,Sikonge,TZ,2020-11-04 01:17:31,-5.63,32.77,73.4,60,20,11.41
107,Longyearbyen,SJ,2020-11-04 01:17:31,78.22,15.64,32.0,93,75,17.22
108,Cockburn Town,TC,2020-11-04 01:17:31,21.46,-71.14,81.75,78,100,17.94
109,Bud,US,2020-11-04 01:17:31,39.45,-86.18,53.6,46,1,4.7
110,Merauke,ID,2020-11-04 01:17:32,-8.47,140.33,83.35,74,100,6.6
111,Lincoln,US,2020-11-04 01:12:57,40.8,-96.67,68.0,32,1,11.41
112,Fort Nelson,CA,2020-11-04 01:17:32,58.81,-122.7,10.4,85,90,5.82
113,Edd,ER,2020-11-04 01:17:32,13.93,41.69,79.32,45,0,13.42
114,Alpena,US,2020-11-04 01:17:32,45.06,-83.43,51.01,93,1,4.7
115,Ulagan,RU,2020-11-04 01:17:32,50.63,87.96,21.0,91,100,3.33
116,Port Hedland,AU,2020-11-04 01:13:59,-20.32,118.57,89.6,29,0,8.05
117,Mulchen,CL,2020-11-04 01:17:32,-37.72,-72.23,55.92,59,0,1.57
118,Vao,NC,2020-11-04 01:17:33,-22.67,167.48,73.85,90,100,10.8
119,Poya,NC,2020-11-04 01:17:33,-21.35,165.15,81.37,63,100,6.38
120,Caravelas,BR,2020-11-04 01:17:33,-17.71,-39.25,69.35,85,100,4.74
121,Kodiak,US,2020-11-04 01:17:33,57.79,-152.41,30.2,33,1,19.46
122,Meadow Lake,US,2020-11-04 01:15:04,34.8,-106.54,66.2,25,40,5.82
123,Nome,US,2020-11-04 01:13:02,64.5,-165.41,28.4,68,90,17.22
124,Wanning,CN,2020-11-04 01:17:33,18.8,110.4,75.04,79,90,16.06
125,Florianopolis,BR,2020-11-04 01:16:38,-27.61,-48.5,62.6,88,0,2.24
126,Ixtapa,MX,2020-11-04 01:17:34,20.7,-105.2,84.2,62,40,9.17
127,Kapaa,US,2020-11-04 01:17:34,22.08,-159.32,82.4,78,75,12.75
128,Acapulco,MX,2020-11-04 01:17:34,16.86,-99.89,84.2,79,5,8.05
129,Itoman,JP,2020-11-04 01:17:34,26.12,127.67,75.0,56,40,20.8
130,Vredendal,ZA,2020-11-04 01:17:34,-31.67,18.5,61.86,84,51,3.4
131,Mitsamiouli,KM,2020-11-04 01:17:35,-11.38,43.28,76.68,77,9,10.51
132,Nyuksenitsa,RU,2020-11-04 01:17:35,60.41,44.24,41.65,91,100,10.78
133,Parintins,BR,2020-11-04 01:12:50,-2.63,-56.74,84.52,60,74,1.57
134,Cuenca,EC,2020-11-04 01:17:35,-2.88,-78.98,55.4,43,40,10.29
135,Zhanaozen,KZ,2020-11-04 01:17:35,43.3,52.8,60.64,25,100,8.43
136,Bathsheba,BB,2020-11-04 01:17:36,13.22,-59.52,80.6,74,40,17.22
137,San Patricio,US,2020-11-04 01:17:36,28.02,-97.52,69.8,73,20,9.17
138,Haapiti,PF,2020-11-04 01:17:36,-17.57,-149.87,86.0,62,75,18.34
139,Santa Cruz De Las Flores,MX,2020-11-04 01:17:36,20.48,-103.5,75.2,25,5,4.7
140,Khasan,RU,2020-11-04 01:17:36,42.43,130.64,38.46,60,0,20.47
141,Buchanan,LR,2020-11-04 01:17:36,5.88,-10.05,78.22,90,98,5.37
142,Hithadhoo,MV,2020-11-04 01:13:00,-0.6,73.08,83.08,72,100,7.85
143,Clyde River,CA,2020-11-04 01:17:36,70.47,-68.59,8.6,84,20,25.28
144,Aiquile,BO,2020-11-04 01:17:37,-18.2,-65.18,61.07,51,3,4.68
145,Castro,BR,2020-11-04 01:17:37,-24.79,-50.01,55.45,87,64,5.55
146,Guerrero Negro,MX,2020-11-04 01:13:17,27.98,-114.06,70.63,73,0,12.44
147,Khatanga,RU,2020-11-04 01:17:37,71.97,102.5,-1.25,93,98,5.28
148,Pingzhuang,CN,2020-11-04 01:17:37,42.04,119.29,34.54,64,0,5.66
149,Port Elizabeth,ZA,2020-11-04 01:17:37,-33.92,25.57,66.2,88,75,4.7
150,Mayo,US,2020-11-04 01:17:38,38.89,-76.51,48.0,87,1,3.36
151,Tuktoyaktuk,CA,2020-11-04 01:17:38,69.45,-133.04,12.2,85,90,9.17
152,Ballina,AU,2020-11-04 01:17:38,-28.87,153.57,78.01,56,0,11.41
153,Semikarakorsk,RU,2020-11-04 01:17:38,47.52,40.81,51.8,100,20,11.18
154,Flinders,AU,2020-11-04 01:17:38,-34.58,150.86,78.01,59,81,4.0
155,Tuatapere,NZ,2020-11-04 01:17:38,-46.13,167.68,68.63,47,0,2.77
156,Monrovia,LR,2020-11-04 01:17:38,6.3,-10.8,79.52,86,16,7.4
157,Mtwara,TZ,2020-11-04 01:17:38,-10.27,40.18,73.4,88,20,6.55
158,Bintulu,MY,2020-11-04 01:17:39,3.17,113.03,80.6,83,20,2.24
159,Ulladulla,AU,2020-11-04 01:17:39,-35.35,150.47,78.01,47,0,9.17
160,Upernavik,GL,2020-11-04 01:17:39,72.79,-56.15,16.9,93,100,6.26
161,Barabinsk,RU,2020-11-04 01:17:39,55.36,78.36,27.41,93,100,10.27
162,Touros,BR,2020-11-04 01:13:18,-5.2,-35.46,80.6,78,40,13.87
163,Nabire,ID,2020-11-04 01:17:39,-3.37,135.48,79.68,81,100,6.38
164,Tres Arroyos,AR,2020-11-04 01:13:37,-38.37,-60.28,62.55,73,100,15.73
165,Algiers,DZ,2020-11-04 01:17:40,36.75,3.04,55.4,100,75,6.13
166,Praia Da Vitoria,PT,2020-11-04 01:17:40,38.73,-27.07,60.8,72,20,14.58
167,Livingston,GB,2020-11-04 01:17:40,55.9,-3.52,44.01,86,0,9.17
168,Adancata,RO,2020-11-04 01:17:40,47.73,26.3,46.0,100,90,3.36
169,Buta,CD,2020-11-04 01:14:03,2.79,24.73,69.94,97,84,1.07
170,Nouadhibou,MR,2020-11-04 01:17:40,20.93,-17.03,69.8,68,0,13.87
171,Keti Bandar,PK,2020-11-04 01:17:40,24.14,67.45,76.89,58,0,11.3
172,Sault Sainte Marie,CA,2020-11-04 01:17:40,46.52,-84.33,42.8,81,1,6.93
173,Matara,LK,2020-11-04 01:12:57,5.95,80.54,77.14,87,8,5.01
174,Leningradskiy,RU,2020-11-04 01:17:41,69.38,178.42,5.9,85,1,15.32
175,Port-Gentil,GA,2020-11-04 01:17:41,-0.72,8.78,79.61,83,4,9.22
176,Praia,CV,2020-11-04 01:17:41,14.92,-23.51,75.2,88,0,6.93
177,Makakilo City,US,2020-11-04 01:17:41,21.35,-158.09,89.6,55,20,6.93
178,Avarua,CK,2020-11-04 01:17:41,-21.21,-159.78,75.2,83,100,23.17
179,Carutapera,BR,2020-11-04 01:13:56,-1.2,-46.02,78.03,88,0,5.7
180,Sukhumi,GE,2020-11-04 01:17:41,43.0,41.02,59.76,62,98,2.82
181,Qaanaaq,GL,2020-11-04 01:17:42,77.48,-69.36,0.01,78,2,2.21
182,Maroantsetra,MG,2020-11-04 01:17:42,-15.43,49.73,70.74,84,100,5.75
183,Paamiut,GL,2020-11-04 01:17:42,61.99,-49.67,32.67,97,100,29.26
184,Tubara,CO,2020-11-04 01:17:42,10.87,-74.98,80.6,83,0,3.36
185,Nikko,JP,2020-11-04 01:17:42,36.75,139.62,46.08,57,22,10.18
186,Eyl,SO,2020-11-04 01:17:42,7.98,49.82,77.47,72,100,10.69
187,Victoria,HK,2020-11-04 01:16:37,22.29,114.16,75.0,60,93,8.99
188,Betafo,MG,2020-11-04 01:17:43,-19.83,46.85,61.83,62,49,2.48
189,Talnakh,RU,2020-11-04 01:17:43,69.49,88.4,-9.4,76,40,2.24
190,Peterhead,GB,2020-11-04 01:17:43,57.51,-1.8,46.99,75,20,13.87
191,Eten,PE,2020-11-04 01:17:43,-6.91,-79.86,64.4,77,0,14.99
192,Pembroke,CA,2020-11-04 01:15:04,45.82,-77.12,30.2,63,90,6.93
193,Ancud,CL,2020-11-04 01:17:43,-41.87,-73.82,53.01,81,75,8.05
194,Lebane,RS,2020-11-04 01:17:43,42.92,21.74,55.99,87,0,3.36
195,Vardo,NO,2020-11-04 01:17:44,70.37,31.11,42.87,69,6,22.3
196,Guiratinga,BR,2020-11-04 01:16:37,-16.35,-53.76,75.4,49,0,4.36
197,Alice Springs,AU,2020-11-04 01:17:44,-23.7,133.88,96.8,7,0,12.75
198,Sampit,ID,2020-11-04 01:17:44,-2.53,112.95,82.98,76,98,1.05
199,San Prisco,IT,2020-11-04 01:17:44,41.09,14.28,51.8,93,56,1.57
200,Sembakung,ID,2020-11-04 01:17:44,3.82,117.25,79.29,86,100,1.81
201,Mnogovershinnyy,RU,2020-11-04 01:17:44,53.94,139.92,15.17,94,100,19.53
202,Klaksvik,FO,2020-11-04 01:17:45,62.23,-6.59,42.8,70,99,35.57
203,Necochea,AR,2020-11-04 01:17:45,-38.55,-58.74,62.01,71,53,14.0
204,Kahului,US,2020-11-04 01:17:45,20.89,-156.47,89.6,55,40,17.22
205,Marsh Harbour,BS,2020-11-04 01:17:45,26.54,-77.06,73.33,73,81,24.83
206,Matay,EG,2020-11-04 01:17:45,28.42,30.78,62.49,72,0,5.57
207,Kalmunai,LK,2020-11-04 01:17:45,7.42,81.82,78.84,79,21,4.83
208,Kamenka,RU,2020-11-04 01:17:45,51.32,42.77,42.96,83,98,4.52
209,Can Tho,VN,2020-11-04 01:17:46,10.03,105.78,80.6,94,20,6.93
210,Ribeira Grande,PT,2020-11-04 01:17:46,38.52,-28.7,61.74,65,41,8.23
211,Japura,ID,2020-11-04 01:17:46,-0.32,102.35,77.04,92,100,1.86
212,Fort Frances,CA,2020-11-04 01:17:46,48.6,-93.4,46.4,89,1,3.36
213,Leshukonskoye,RU,2020-11-04 01:17:46,64.9,45.76,44.31,89,100,11.34
214,Karoi,ZW,2020-11-04 01:17:46,-16.81,29.69,70.32,57,79,5.55
215,Natal,BR,2020-11-04 01:13:27,-5.79,-35.21,80.6,78,40,11.41
216,Penticton,CA,2020-11-04 01:15:03,49.48,-119.59,48.2,76,75,16.11
217,Saint-Philippe,RE,2020-11-04 01:13:00,-21.36,55.77,69.8,52,40,6.93
218,Sao Felix Do Xingu,BR,2020-11-04 01:17:47,-6.64,-51.99,72.9,95,100,2.24
219,Cam Ranh,VN,2020-11-04 01:17:47,11.92,109.16,84.2,66,40,8.05
220,Port Keats,AU,2020-11-04 01:13:03,-14.25,129.55,89.13,60,99,12.82
221,Portland,US,2020-11-04 01:15:18,45.52,-122.68,59.0,93,90,3.36
222,Puerto Lempira,HN,2020-11-04 01:17:47,15.27,-83.77,78.15,89,100,16.89
223,Qiongshan,CN,2020-11-04 01:17:48,20.01,110.35,75.2,83,40,11.18
224,Shimoda,JP,2020-11-04 01:13:46,34.67,138.95,60.8,51,20,10.29
225,Beyla,GN,2020-11-04 01:17:48,8.68,-8.63,68.76,89,0,1.05
226,Norman Wells,CA,2020-11-04 01:17:48,65.28,-126.83,-0.4,84,75,2.24
227,Zhigansk,RU,2020-11-04 01:13:57,66.77,123.37,-0.96,90,60,4.32
228,Kapoeta,SS,2020-11-04 01:17:48,4.77,33.59,79.41,50,0,11.83
229,Nanortalik,GL,2020-11-04 01:17:48,60.14,-45.24,38.71,85,100,16.67
230,Princeton,US,2020-11-04 01:17:48,25.54,-80.41,73.99,64,20,16.11
231,Waihi,NZ,2020-11-04 01:17:49,-37.38,175.83,66.99,85,98,7.0
232,Tiksi,RU,2020-11-04 01:13:25,71.69,128.87,9.68,96,100,5.68
233,Ahipara,NZ,2020-11-04 01:13:09,-35.17,173.17,68.11,73,100,13.65
234,Dunedin,NZ,2020-11-04 01:17:49,-45.87,170.5,57.99,81,0,14.0
235,Soyalo,MX,2020-11-04 01:17:49,16.9,-92.92,71.6,64,40,25.28
236,Shingu,JP,2020-11-04 01:17:49,33.73,135.98,55.4,50,20,11.41
237,Solnechnyy,RU,2020-11-04 01:17:49,50.72,136.63,26.04,87,0,4.79
238,Henties Bay,NA,2020-11-04 01:13:30,-22.12,14.28,57.99,91,0,0.34
239,Aklavik,CA,2020-11-04 01:16:12,68.22,-135.01,5.0,77,90,3.36
240,Pangnirtung,CA,2020-11-04 01:17:50,66.15,-65.71,19.38,83,100,5.86
241,Saint-Joseph,RE,2020-11-04 01:17:50,-21.37,55.62,69.8,52,40,6.93
242,Dumas,US,2020-11-04 01:17:50,35.87,-101.97,66.0,47,1,10.92
243,Bonavista,CA,2020-11-04 01:17:50,48.65,-53.11,35.01,73,0,2.24
244,Churapcha,RU,2020-11-04 01:17:50,62.0,132.43,-5.39,89,85,4.85
245,Sisimiut,GL,2020-11-04 01:17:50,66.94,-53.67,33.98,88,100,58.61
246,Acajutla,SV,2020-11-04 01:17:50,13.59,-89.83,75.2,64,0,4.23
247,Roros,NO,2020-11-04 01:17:50,62.57,11.38,33.8,64,100,4.7
248,Bilma,NE,2020-11-04 01:17:51,18.69,12.92,70.7,23,0,7.63
249,Padang,ID,2020-11-04 01:17:51,-0.95,100.35,76.73,76,100,7.56
250,Porto Novo,BJ,2020-11-04 01:17:51,6.5,2.6,80.6,88,20,8.05
251,Marawi,PH,2020-11-04 01:17:51,8.0,124.29,84.99,73,28,4.0
252,Seoul,KR,2020-11-04 01:17:12,37.57,126.98,41.0,25,1,3.36
253,Coihaique,CL,2020-11-04 01:17:51,-45.58,-72.07,60.8,55,75,3.36
254,Cairns,AU,2020-11-04 01:13:08,-16.92,145.77,88.0,45,66,13.87
255,Port Alfred,ZA,2020-11-04 01:17:52,-33.59,26.89,66.65,92,91,5.19
256,Mareeba,AU,2020-11-04 01:17:52,-17.0,145.43,89.01,45,57,13.87
257,Nishihara,JP,2020-11-04 01:17:52,26.18,127.76,75.0,43,75,17.22
258,Chuy,UY,2020-11-04 01:13:06,-33.7,-53.46,55.85,83,0,8.19
259,Buala,SB,2020-11-04 01:17:52,-8.14,159.59,86.05,67,76,7.45
260,Conde,BR,2020-11-04 01:17:52,-7.26,-34.91,78.8,83,40,10.29
261,Pemangkat,ID,2020-11-04 01:17:52,1.17,108.97,80.85,78,95,0.89
262,Quzhou,CN,2020-11-04 01:17:53,28.96,118.87,56.25,56,0,11.27
263,Matiri,TZ,2020-11-04 01:17:53,-10.75,34.9,62.19,60,0,4.81
264,Muros,ES,2020-11-04 01:17:53,42.78,-9.06,42.01,94,1,1.99
265,Oksfjord,NO,2020-11-04 01:13:20,70.24,22.35,41.0,64,0,18.34
266,Waipawa,NZ,2020-11-04 01:17:53,-41.41,175.52,68.0,68,95,18.34
267,Lorengau,PG,2020-11-04 01:13:16,-2.02,147.27,87.4,63,75,1.1
268,Ritchie,ZA,2020-11-04 01:17:53,-29.04,24.6,62.6,77,100,5.82
269,Naze,JP,2020-11-04 01:17:54,28.37,129.48,69.8,59,75,17.22
270,Jasper,US,2020-11-04 01:13:09,37.2,-94.35,62.6,36,1,6.93
271,Sept-Iles,CA,2020-11-04 01:17:54,50.2,-66.38,23.0,53,0,8.05
272,Wilson,US,2020-11-04 01:17:54,36.15,-86.28,55.0,75,1,6.04
273,Kutum,SD,2020-11-04 01:17:54,14.2,24.67,68.05,29,0,12.95
274,Xining,CN,2020-11-04 01:17:54,36.62,101.77,35.82,73,100,1.1
275,Pokosnoye,RU,2020-11-04 01:17:54,55.53,101.05,25.2,95,100,6.96
276,Pitimbu,BR,2020-11-04 01:17:54,-7.47,-34.81,78.8,83,40,10.29
277,Watertown,US,2020-11-04 01:14:28,42.37,-71.18,35.6,43,20,11.41
278,Ostrovnoy,RU,2020-11-04 01:17:55,68.05,39.51,36.57,85,85,12.1
279,Takoradi,GH,2020-11-04 01:17:55,4.88,-1.76,78.51,86,22,6.31
280,Vredefort,ZA,2020-11-04 01:17:55,-27.01,27.36,63.05,60,99,5.75
281,Mount Gambier,AU,2020-11-04 01:17:55,-37.83,140.77,57.2,71,90,14.99
282,Atar,MR,2020-11-04 01:17:55,20.52,-13.05,80.01,17,0,9.44
283,Kavaratti,IN,2020-11-04 01:13:12,10.57,72.64,82.18,73,0,5.32
284,Ewa Beach,US,2020-11-04 01:17:56,21.32,-158.01,89.6,55,20,6.93
285,Hammerfest,NO,2020-11-04 01:17:56,70.66,23.68,41.0,74,0,20.8
286,Kawalu,ID,2020-11-04 01:17:56,-7.38,108.21,82.63,66,7,2.24
287,Luganville,VU,2020-11-04 01:17:56,-15.53,167.17,82.4,78,90,8.05
288,Timaru,NZ,2020-11-04 01:17:56,-44.4,171.25,66.99,69,0,4.0
289,Enumclaw,US,2020-11-04 01:16:11,47.2,-121.99,55.99,96,100,3.44
290,Half Moon Bay,US,2020-11-04 01:17:56,37.46,-122.43,62.01,82,1,10.29
291,Alta Floresta,BR,2020-11-04 01:17:57,-9.88,-56.09,76.95,72,56,1.97
292,Roma,US,2020-11-04 01:17:57,43.21,-75.46,30.99,80,40,3.36
293,Impfondo,CG,2020-11-04 01:17:57,1.64,18.07,71.11,95,32,1.7
294,Samarai,PG,2020-11-04 01:17:57,-10.62,150.67,81.82,80,48,11.86
295,Rawson,AR,2020-11-04 01:17:57,-43.3,-65.1,66.9,53,79,11.1
296,Rawatbhata,IN,2020-11-04 01:17:57,24.93,75.58,64.36,28,0,1.92
297,Naberera,TZ,2020-11-04 01:17:57,-4.2,36.93,62.53,86,97,8.75
298,Lichinga,MZ,2020-11-04 01:13:07,-13.31,35.24,64.4,59,0,12.75
299,Haines Junction,CA,2020-11-04 01:17:58,60.75,-137.51,1.4,77,100,1.12
300,Cabo San Lucas,MX,2020-11-04 01:17:15,22.89,-109.91,82.4,74,5,8.05
301,Caucaia,BR,2020-11-04 01:17:58,-3.74,-38.65,81.0,83,40,8.05
302,Banjar,ID,2020-11-04 01:17:58,-8.19,114.97,88.32,51,4,1.7
303,Evensk,RU,2020-11-04 01:17:58,61.95,159.23,28.78,94,100,23.69
304,Belyy Yar,RU,2020-11-04 01:17:59,53.6,91.39,28.4,100,40,6.71
305,Usakos,NA,2020-11-04 01:17:59,-22.0,15.6,57.06,55,0,1.14
306,Kurilsk,RU,2020-11-04 01:17:59,45.23,147.88,41.7,68,39,25.68
307,Batagay-Alyta,RU,2020-11-04 01:17:59,67.8,130.41,-4.45,91,9,0.45
308,Chissamba,AO,2020-11-04 01:17:59,-12.17,17.33,64.83,90,86,2.46
309,Hamilton,US,2020-11-04 01:15:08,39.18,-84.53,52.0,66,1,3.36
310,Rudarpur,IN,2020-11-04 01:17:59,26.44,83.61,63.03,36,0,5.79
311,Rio Grande,BR,2020-11-04 01:17:59,-32.03,-52.1,59.0,79,2,14.54
312,Tonj,SS,2020-11-04 01:18:00,7.27,28.68,74.39,80,15,0.87
313,Salalah,OM,2020-11-04 01:13:40,17.02,54.09,71.6,46,0,4.7
314,Baghdad,IQ,2020-11-04 01:18:00,33.34,44.4,62.6,59,0,2.24
315,Sungaipenuh,ID,2020-11-04 01:13:52,-2.08,101.38,68.79,88,100,1.07
316,Palmer,US,2020-11-04 01:18:00,42.16,-72.33,30.2,68,20,1.61
317,Atambua,ID,2020-11-04 01:18:00,-9.11,124.89,88.23,44,56,2.39
318,Constitucion,CL,2020-11-04 01:18:00,-35.33,-72.42,54.77,73,0,13.38
319,Huangchuan,CN,2020-11-04 01:18:00,32.13,115.04,55.26,47,12,6.93
320,Manbij,SY,2020-11-04 01:18:01,36.53,37.95,55.4,93,75,2.24
321,Safranbolu,TR,2020-11-04 01:18:01,41.25,32.69,46.17,77,88,1.88
322,Am Timan,TD,2020-11-04 01:18:01,11.03,20.28,81.09,36,97,5.59
323,North Bend,US,2020-11-04 01:18:01,43.41,-124.22,64.4,72,90,6.93
324,Lebu,CL,2020-11-04 01:18:01,-37.62,-73.65,51.87,89,43,2.95
325,Cordoba,AR,2020-11-04 01:18:02,-31.41,-64.18,71.01,29,0,5.82
326,Geraldton,AU,2020-11-04 01:18:02,-28.77,114.6,73.4,46,39,10.29
327,Sorland,NO,2020-11-04 01:18:02,67.67,12.69,46.26,82,100,34.29
328,Los Llanos De Aridane,ES,2020-11-04 01:18:02,28.66,-17.92,69.8,77,40,10.29
329,Port Lincoln,AU,2020-11-04 01:18:02,-34.73,135.87,58.3,69,100,16.2
330,Udachnyy,RU,2020-11-04 01:18:02,66.42,112.4,-2.2,84,75,1.43
331,Aller,ES,2020-11-04 01:18:02,43.12,-5.58,45.0,76,81,1.01
332,Quatre Cocos,MU,2020-11-04 01:18:03,-20.21,57.76,69.01,88,75,4.7
333,Guayaramerin,BO,2020-11-04 01:18:03,-10.84,-65.36,77.23,71,92,3.33
334,Gazanjyk,TM,2020-11-04 01:18:03,39.24,55.52,57.54,28,10,15.43
335,Rincon De La Victoria,ES,2020-11-04 01:18:03,36.72,-4.28,62.01,93,75,4.7
336,Lompoc,US,2020-11-04 01:14:54,34.64,-120.46,62.6,77,1,12.75
337,Rio Pardo De Minas,BR,2020-11-04 01:18:03,-15.61,-42.54,62.42,90,100,4.36
338,Itarema,BR,2020-11-04 01:18:03,-2.92,-39.92,80.62,78,63,12.37
339,Tevaitoa,PF,2020-11-04 01:18:04,-16.78,-151.5,80.47,79,100,18.95
340,Bengkulu,ID,2020-11-04 01:13:07,-3.8,102.27,79.5,75,100,3.27
341,Xiaoweizhai,CN,2020-11-04 01:17:42,26.19,107.51,51.94,66,96,3.89
342,Darnetal,FR,2020-11-04 01:18:04,49.45,1.15,39.99,100,20,5.59
343,Mehamn,NO,2020-11-04 01:18:04,71.04,27.85,42.15,75,46,22.53
344,Yerbogachen,RU,2020-11-04 01:18:04,61.28,108.01,18.43,96,98,7.34
345,Bahia Blanca,AR,2020-11-04 01:18:04,-38.72,-62.27,70.07,57,100,14.9
346,Kenai,US,2020-11-04 01:18:04,60.55,-151.26,24.8,27,1,4.7
347,Plouzane,FR,2020-11-04 01:18:05,48.38,-4.62,44.6,93,64,3.36
348,Gazimurskiy Zavod,RU,2020-11-04 01:18:05,51.55,118.33,19.45,86,0,2.1
349,Bow Island,CA,2020-11-04 01:18:05,49.87,-111.37,62.6,25,94,13.87
350,Lewiston,US,2020-11-04 01:18:05,44.1,-70.21,28.4,58,1,4.12
351,Gossaigaon,IN,2020-11-04 01:18:05,26.45,89.99,69.46,79,0,0.78
352,Doha,QA,2020-11-04 01:15:29,25.29,51.53,77.0,65,0,3.36
353,Pervomayskiy,RU,2020-11-04 01:18:06,53.25,40.29,45.0,85,0,3.69
354,Riyadh,SA,2020-11-04 01:14:13,24.69,46.72,62.6,36,0,4.43
355,Jalu,LY,2020-11-04 01:18:06,29.03,21.55,60.87,81,0,7.87
356,Asau,RO,2020-11-04 01:18:06,46.43,26.4,45.0,98,98,1.92
357,Severo-Yeniseyskiy,RU,2020-11-04 01:18:06,60.37,93.04,14.11,97,100,7.47
358,San Cristobal,VE,2020-11-04 01:18:06,7.77,-72.22,68.04,92,99,1.07
359,Husavik,IS,2020-11-04 01:18:06,66.04,-17.34,41.0,60,0,20.8
360,Snasa,NO,2020-11-04 01:18:07,64.25,12.38,37.76,75,0,3.67
361,Port Moresby,PG,2020-11-04 01:18:07,-9.44,147.18,87.8,66,40,17.22
362,Price,US,2020-11-04 01:18:07,39.6,-110.81,60.8,25,1,8.05
363,Paranaiba,BR,2020-11-04 01:18:07,-19.68,-51.19,71.69,43,0,4.54
364,Oga,IT,2020-11-04 01:18:07,46.46,10.35,42.8,100,75,1.12
365,Ustye,RU,2020-11-04 01:18:07,59.63,39.74,43.97,92,100,8.9
366,Anjiang,CN,2020-11-04 01:18:08,27.32,110.1,57.61,67,100,1.41
367,Ust-Maya,RU,2020-11-04 01:18:08,60.42,134.53,-2.45,89,93,5.61
368,Iqaluit,CA,2020-11-04 01:18:08,63.75,-68.51,14.0,78,20,25.28
369,Labuhan,ID,2020-11-04 01:18:08,-6.88,112.21,83.14,74,70,7.49
370,Hambantota,LK,2020-11-04 01:18:08,6.12,81.12,75.2,100,40,2.24
371,Luanda,AO,2020-11-04 01:18:08,-8.84,13.23,78.8,83,75,8.05
372,Alofi,NU,2020-11-04 01:18:09,-19.06,-169.92,80.6,69,40,21.92
373,Menongue,AO,2020-11-04 01:13:39,-14.66,17.69,64.26,82,100,6.89
374,Muroto,JP,2020-11-04 01:18:09,33.28,134.15,57.2,47,20,4.7
375,Chumikan,RU,2020-11-04 01:18:09,54.72,135.31,15.55,88,0,32.93
376,Tourlaville,FR,2020-11-04 01:18:09,49.64,-1.57,46.99,93,0,4.7
377,Miri,MY,2020-11-04 01:14:16,4.41,114.01,80.6,88,20,8.05
378,Tautira,PF,2020-11-04 01:18:09,-17.73,-149.15,86.0,62,75,18.34
379,Ilheus,BR,2020-11-04 01:18:10,-14.79,-39.05,69.8,100,75,11.41
380,Mayya,RU,2020-11-04 01:18:10,61.73,130.28,-13.0,83,0,2.24
381,Coquimbo,CL,2020-11-04 01:18:10,-29.95,-71.34,53.6,93,90,5.82
382,Broken Hill,AU,2020-11-04 01:18:10,-31.95,141.43,77.0,33,99,19.46
383,Freeport,US,2020-11-04 01:17:33,40.66,-73.58,51.01,50,90,3.36
384,Voh,NC,2020-11-04 01:18:10,-20.97,164.7,82.99,61,100,6.96
385,Fortuna,US,2020-11-04 01:18:10,40.6,-124.16,57.99,93,90,6.93
386,Galle,LK,2020-11-04 01:18:11,6.04,80.22,78.62,83,7,5.06
387,Watsa,CD,2020-11-04 01:18:11,3.04,29.54,63.54,99,0,2.37
388,Kulhudhuffushi,MV,2020-11-04 01:18:11,6.62,73.07,81.55,67,0,3.13
389,Dingle,PH,2020-11-04 01:13:25,11.0,122.67,82.22,80,100,4.05
390,Karwar,IN,2020-11-04 01:18:11,14.8,74.13,77.14,75,0,6.35
391,Atherton,GB,2020-11-04 01:18:11,53.52,-2.49,39.0,95,0,2.89
392,Samaipata,BO,2020-11-04 01:18:11,-18.15,-63.87,57.2,49,0,2.57
393,Port-Cartier,CA,2020-11-04 01:18:11,50.03,-66.87,23.0,53,0,8.05
394,Boa Vista,BR,2020-11-04 01:18:12,2.82,-60.67,84.2,66,20,8.05
395,Mount Pleasant,US,2020-11-04 01:14:48,32.79,-79.86,52.0,81,1,4.23
396,Tavda,RU,2020-11-04 01:18:12,58.04,65.27,29.44,90,42,9.37
397,Pevek,RU,2020-11-04 01:18:12,69.7,170.31,-0.04,91,77,10.45
398,Hobyo,SO,2020-11-04 01:18:12,5.35,48.53,80.08,82,100,10.29
399,Tiznit,MA,2020-11-04 01:18:12,29.58,-9.5,64.65,36,98,0.49
400,Strezhevoy,RU,2020-11-04 01:18:12,60.73,77.59,26.6,86,0,11.18
401,Comodoro Rivadavia,AR,2020-11-04 01:18:12,-45.87,-67.5,57.2,71,0,3.36
402,Mayahi,NE,2020-11-04 01:18:13,13.96,7.67,79.38,18,98,11.27
403,Shenjiamen,CN,2020-11-04 01:18:13,29.96,122.3,59.86,60,89,13.09
404,Hualmay,PE,2020-11-04 01:18:13,-11.1,-77.61,62.55,83,7,7.05
405,Maniitsoq,GL,2020-11-04 01:18:07,65.42,-52.9,34.07,87,100,57.58
406,Yar-Sale,RU,2020-11-04 01:18:13,66.83,70.83,25.84,98,100,4.94
407,Erzin,TR,2020-11-04 01:18:14,36.96,36.2,62.01,83,100,11.01
408,Doka,SD,2020-11-04 01:18:14,13.52,35.77,76.23,34,0,5.86
409,Kenora,CA,2020-11-04 01:18:14,49.82,-94.43,50.0,57,20,6.93
410,Weihe,CN,2020-11-04 01:18:14,33.0,105.32,45.01,73,100,2.3
411,Altamont,US,2020-11-04 01:18:14,42.21,-121.74,62.6,17,1,13.87
412,Puro,PH,2020-11-04 01:18:14,12.48,123.38,82.47,77,100,5.3
413,Codrington,AU,2020-11-04 01:18:14,-38.27,141.97,54.97,86,100,15.75
414,Tabuk,PH,2020-11-04 01:18:14,17.42,121.44,75.31,86,100,8.75
415,Tessalit,ML,2020-11-04 01:14:06,20.2,1.01,75.18,20,100,10.09
416,Severo-Kurilsk,RU,2020-11-04 01:18:15,50.68,156.12,41.9,74,0,13.82
417,Novocheremshansk,RU,2020-11-04 01:18:15,54.36,50.17,37.22,80,0,4.38
418,Goure,NE,2020-11-04 01:18:15,13.98,10.27,78.01,24,43,8.99
419,Sibi,PK,2020-11-04 01:18:15,29.54,67.88,64.35,20,0,5.44
420,Sao Joao Da Barra,BR,2020-11-04 01:18:15,-21.64,-41.05,70.7,72,43,12.82
421,Pokhara,NP,2020-11-04 01:16:23,28.23,83.98,61.95,39,0,5.73
422,Katsuura,JP,2020-11-04 01:18:16,35.13,140.3,62.01,44,20,3.36
423,Cidreira,BR,2020-11-04 01:18:16,-30.18,-50.21,61.93,78,0,12.77
424,Poum,NC,2020-11-04 01:18:16,-20.23,164.02,77.29,78,100,7.07
425,Neuquen,AR,2020-11-04 01:16:27,-38.95,-68.06,75.2,41,0,2.24
426,Santa Luzia,BR,2020-11-04 01:16:24,-19.77,-43.85,62.6,88,75,6.93
427,Nazca,PE,2020-11-04 01:17:27,-14.83,-74.95,63.52,68,6,1.16
428,Waingapu,ID,2020-11-04 01:18:17,-9.66,120.26,85.75,65,50,8.48
429,Tanabe,JP,2020-11-04 01:18:17,33.73,135.37,55.4,50,20,11.41
430,Keetmanshoop,NA,2020-11-04 01:18:17,-26.58,18.13,64.4,59,0,4.7
431,Samana,DO,2020-11-04 01:18:17,19.21,-69.34,73.4,100,90,4.52
432,Filadelfia,US,2020-11-04 01:13:20,39.95,-75.16,52.0,50,20,4.7
433,Aykhal,RU,2020-11-04 01:18:17,66.0,111.5,-2.2,84,75,2.01
434,Lamu,KE,2020-11-04 01:13:23,-2.27,40.9,77.0,88,90,10.22
435,Boyolangu,ID,2020-11-04 01:18:18,-8.12,111.89,82.65,69,12,2.46
436,Aksum,ET,2020-11-04 01:18:18,14.12,38.72,53.04,47,12,3.36
437,Fredericton,CA,2020-11-04 01:18:18,45.95,-66.67,24.8,62,1,5.82
438,Leh,IN,2020-11-04 01:18:18,34.17,77.58,27.16,73,95,2.8
439,Makat,KZ,2020-11-04 01:18:18,47.65,53.35,55.22,38,97,17.74
440,Sitka,US,2020-11-04 01:18:18,57.05,-135.33,35.6,93,90,6.93
441,Torbay,CA,2020-11-04 01:18:18,47.67,-52.73,37.0,93,75,3.36
442,Peleduy,RU,2020-11-04 01:18:19,59.63,112.74,23.2,96,100,9.31
443,Marsa Matruh,EG,2020-11-04 01:18:19,31.35,27.25,64.4,68,20,8.05
444,Wajir,KE,2020-11-04 01:18:19,1.75,40.06,77.29,78,100,13.27
445,Port Macquarie,AU,2020-11-04 01:16:46,-31.43,152.92,79.0,42,0,1.99
446,Khuzhir,RU,2020-11-04 01:18:19,53.19,107.34,30.07,89,100,5.26
447,Saint-Pierre,RE,2020-11-04 01:13:50,-21.34,55.48,69.8,52,40,6.93
448,Jiuquan,CN,2020-11-04 01:18:20,39.74,98.52,36.52,65,0,1.43
449,Mahajanga,MG,2020-11-04 01:18:20,-15.72,46.32,73.4,73,20,8.05
450,Carballo,ES,2020-11-04 01:18:20,43.21,-8.69,46.99,92,40,2.98
451,Ilam,NP,2020-11-04 01:18:20,26.92,87.92,58.08,73,0,4.68
452,Tutoia,BR,2020-11-04 01:18:20,-2.76,-42.27,80.33,83,21,11.01
453,Qeshm,IR,2020-11-04 01:18:20,26.96,56.27,68.0,88,0,4.7
454,Kruisfontein,ZA,2020-11-04 01:18:20,-34.0,24.73,64.99,94,100,3.74
455,Sola,VU,2020-11-04 01:18:21,-13.88,167.55,81.7,76,100,9.57
456,Luderitz,NA,2020-11-04 01:18:21,-26.65,15.16,57.61,91,0,2.19
457,Mount Isa,AU,2020-11-04 01:18:21,-20.73,139.5,95.0,23,0,5.82
458,Tanout,NE,2020-11-04 01:18:21,14.97,8.89,76.19,19,100,11.92
459,Kavieng,PG,2020-11-04 01:18:21,-2.57,150.8,85.48,71,100,6.76
460,Rehli,IN,2020-11-04 01:18:21,23.63,79.08,61.0,33,0,4.47
461,Northam,GB,2020-11-04 01:18:21,51.03,-4.22,44.01,87,4,1.99
462,Nanga Eboko,CM,2020-11-04 01:18:21,4.68,12.37,68.67,96,100,1.88
463,Nara,JP,2020-11-04 01:18:22,34.69,135.8,59.0,50,20,12.75
464,Mbarara,UG,2020-11-04 01:18:22,-0.61,30.65,62.64,89,45,1.88
465,Piripiri,BR,2020-11-04 01:18:22,-4.27,-41.78,77.11,87,100,3.29
466,Francisco Sa,BR,2020-11-04 01:18:22,-16.48,-43.49,64.58,84,29,7.49
467,Inuvik,CA,2020-11-04 01:18:22,68.35,-133.72,5.0,84,97,4.7
468,Ingham,US,2020-11-04 01:18:22,42.6,-84.38,55.4,50,1,13.56
469,Kununurra,AU,2020-11-04 01:18:23,-15.77,128.73,91.4,43,93,9.17
470,Cayenne,GF,2020-11-04 01:18:23,4.93,-52.33,78.8,94,0,2.24
471,Newport,GB,2020-11-04 01:18:23,51.59,-3.0,37.99,91,0,4.47
472,Ouesso,CG,2020-11-04 01:18:23,1.61,16.05,69.93,95,31,2.06
473,Uarini,BR,2020-11-04 01:18:23,-2.99,-65.11,75.94,88,41,3.11
474,Vila Franca Do Campo,PT,2020-11-04 01:18:23,37.72,-25.43,57.2,76,75,8.05
475,Bose,IT,2020-11-04 01:18:23,45.46,8.01,55.99,94,100,1.39
476,Sorong,ID,2020-11-04 01:15:00,-0.88,131.25,82.99,74,100,10.04
477,Boguchany,RU,2020-11-04 01:18:24,58.38,97.45,24.01,97,100,5.1
478,Edgewater,US,2020-11-04 01:18:24,28.99,-80.9,66.2,72,40,5.82
479,Carlogani,RO,2020-11-04 01:18:24,44.52,24.15,53.01,87,90,6.93
480,Vestmannaeyjar,IS,2020-11-04 01:13:35,63.44,-20.27,44.1,77,100,8.5
481,San Joaquin,US,2020-11-04 01:18:24,37.93,-121.3,75.2,27,1,8.05
482,Sarandi,BR,2020-11-04 01:18:02,-23.44,-51.87,75.2,41,0,5.82
483,Loandjili,CG,2020-11-04 01:18:25,-4.76,11.86,78.8,94,75,9.17
484,Nalut,LY,2020-11-04 01:18:25,30.33,10.85,61.34,48,15,9.31
485,Okhotsk,RU,2020-11-04 01:18:25,59.38,143.3,31.66,94,100,30.82
486,Griffith,US,2020-11-04 01:15:01,41.53,-87.42,59.0,47,1,10.29
487,Samus,RU,2020-11-04 01:18:25,56.75,84.7,28.0,86,93,6.4
488,Santa Isabel Do Rio Negro,BR,2020-11-04 01:18:25,-0.41,-65.02,75.31,96,100,1.05
489,Homer,US,2020-11-04 01:18:25,59.64,-151.55,26.01,45,1,6.93
490,Jizan,SA,2020-11-04 01:18:26,17.33,42.67,80.6,78,0,3.36
491,Isangel,VU,2020-11-04 01:18:26,-19.55,169.27,77.29,81,100,12.48
492,Craig,US,2020-11-04 01:18:26,40.52,-107.55,55.4,34,1,6.93
493,Xuddur,SO,2020-11-04 01:18:26,4.12,43.89,72.07,88,82,8.01
494,Umm Kaddadah,SD,2020-11-04 01:18:26,13.6,26.69,77.72,22,8,21.09
495,Miranda De Ebro,ES,2020-11-04 01:18:26,42.69,-2.95,41.0,100,75,3.36
496,Bohl-Iggelheim,DE,2020-11-04 01:18:26,49.38,8.3,48.99,84,55,4.83
497,Taoudenni,ML,2020-11-04 01:18:26,22.68,-3.98,74.34,20,0,5.5
498,Kamenskiy,RU,2020-11-04 01:18:27,50.89,45.49,41.97,70,100,9.31
499,Beian,NO,2020-11-04 01:18:27,63.66,9.57,43.0,75,40,9.17
500,Kampene,CD,2020-11-04 01:18:27,-3.6,26.67,68.54,96,100,1.66
501,Kimbe,PG,2020-11-04 01:18:27,-5.55,150.14,83.28,81,100,7.38
502,Upington,ZA,2020-11-04 01:18:27,-28.45,21.26,68.0,68,0,6.93
503,San Jose,US,2020-11-04 01:16:16,37.34,-121.89,66.0,67,75,9.17
504,Sierra Bullones,PH,2020-11-04 01:18:27,9.81,124.29,82.4,74,75,1.12
505,Bloomingdale,US,2020-11-04 01:16:22,27.89,-82.24,69.01,60,1,3.36
506,Fortuna Foothills,US,2020-11-04 01:13:29,32.66,-114.41,100.4,14,1,3.36
507,Cacule,BR,2020-11-04 01:15:42,-14.5,-42.22,66.51,87,100,5.75
508,Kainouryion,GR,2020-11-04 01:18:28,38.6,21.5,53.6,93,20,1.83
509,Arlit,NE,2020-11-04 01:18:28,18.74,7.39,74.53,20,87,7.54
510,San Pedro,PH,2020-11-04 01:18:28,14.35,121.02,82.99,83,75,5.82
511,Raudeberg,NO,2020-11-04 01:18:28,61.99,5.14,46.4,81,100,23.04
512,Faanui,PF,2020-11-04 01:18:28,-16.48,-151.75,79.56,81,100,18.5
513,Campoverde,PE,2020-11-04 01:18:29,-8.48,-74.81,82.4,74,20,2.24
514,Nizwa,OM,2020-11-04 01:18:29,22.93,57.53,57.99,44,0,1.5
515,Diebougou,BF,2020-11-04 01:18:29,10.97,-3.25,78.33,37,97,2.73
516,Dhidhdhoo,MV,2020-11-04 01:13:51,6.88,73.1,81.57,68,7,2.71
517,Samarinda,ID,2020-11-04 01:18:29,-0.5,117.15,83.3,67,100,1.54
518,Cervo,ES,2020-11-04 01:18:29,43.67,-7.41,37.0,96,34,5.12
519,Shakawe,BW,2020-11-04 01:18:29,-18.37,21.85,65.8,86,63,6.31
520,Anito,PH,2020-11-04 01:18:30,12.45,125.29,82.09,83,100,6.96
521,Namibe,AO,2020-11-04 01:18:30,-15.2,12.15,68.54,68,0,9.89
522,Draguignan,FR,2020-11-04 01:18:30,43.53,6.47,57.99,76,90,6.93
523,Abonnema,NG,2020-11-04 01:18:30,4.71,6.79,77.0,94,40,3.94
524,Yinchuan,CN,2020-11-04 01:18:30,38.47,106.27,46.13,47,0,3.29
525,Palu,ID,2020-11-04 01:18:30,-0.89,119.87,86.38,56,100,1.88
526,Santona,ES,2020-11-04 01:18:31,43.44,-3.46,50.0,93,75,8.05
527,Amarante Do Maranhao,BR,2020-11-04 01:18:31,-5.57,-46.74,72.86,95,100,3.22
528,Kapit,MY,2020-11-04 01:18:31,2.02,112.93,81.57,79,83,1.81
529,Zorritos,PE,2020-11-04 01:18:31,-3.68,-80.68,68.85,80,92,11.07
530,Richards Bay,ZA,2020-11-04 01:18:31,-28.78,32.04,71.51,83,0,10.31
531,Kourou,GF,2020-11-04 01:18:31,5.16,-52.65,78.8,94,0,2.24
532,Anloga,GH,2020-11-04 01:18:31,5.79,0.9,80.6,88,20,3.36
533,Matagami,CA,2020-11-04 01:18:31,49.75,-77.63,23.0,92,90,8.05
534,Bharuch,IN,2020-11-04 01:18:32,21.7,72.97,71.06,45,0,5.73
535,Urengoy,RU,2020-11-04 01:18:32,65.97,78.37,16.7,97,100,7.58
536,Turkistan,KZ,2020-11-04 01:18:32,43.0,68.0,44.11,52,0,8.3
537,Tomohon,ID,2020-11-04 01:18:32,1.33,124.84,86.0,62,20,2.24
538,Garowe,SO,2020-11-04 01:18:32,8.41,48.48,73.76,63,19,6.71
539,Biak,ID,2020-11-04 01:18:32,-0.91,122.88,82.29,70,100,3.33
540,Diffa,NE,2020-11-04 01:18:32,13.32,12.61,80.08,26,0,12.97
541,Kabalo,CD,2020-11-04 01:18:33,-6.05,26.92,70.0,92,99,2.86
542,Sheltozero,RU,2020-11-04 01:18:33,61.37,35.37,47.84,83,92,14.58
543,Petropavlovsk-Kamchatskiy,RU,2020-11-04 01:18:33,53.05,158.65,46.4,93,21,13.42
544,Santos Dumont,BR,2020-11-04 01:18:33,-21.46,-43.55,59.72,98,100,7.96
545,Tambacounda,SN,2020-11-04 01:18:33,13.75,-13.76,83.71,38,24,4.36
546,Soteapan,MX,2020-11-04 01:18:33,18.23,-94.87,78.8,65,75,16.11
547,Kisangani,CD,2020-11-04 01:18:33,0.52,25.2,71.04,97,100,0.65
548,Pushkino,RU,2020-11-04 01:18:34,56.02,37.87,45.0,100,88,8.95
549,Clovis,US,2020-11-04 01:18:34,36.83,-119.7,77.0,25,20,4.7
550,Lithakia,GR,2020-11-04 01:17:21,37.72,20.83,57.2,93,100,3.36
551,Santo Angelo,BR,2020-11-04 01:18:34,-28.3,-54.26,69.01,57,0,3.0
552,Swan River,CA,2020-11-04 01:18:34,52.11,-101.27,37.4,69,75,3.36
553,Linxia,CN,2020-11-04 01:18:34,35.6,103.21,41.29,62,100,1.28
554,Olafsvik,IS,2020-11-04 01:18:34,64.89,-23.71,44.17,90,100,24.7
555,Goderich,CA,2020-11-04 01:18:35,43.75,-81.72,48.2,61,0,13.87
556,Emerald,AU,2020-11-04 01:18:35,-23.53,148.17,82.0,54,40,8.05
557,Novikovo,RU,2020-11-04 01:18:35,51.15,37.89,44.58,92,0,1.32
558,Coahuayana,MX,2020-11-04 01:18:35,18.73,-103.68,82.4,54,20,6.93
559,Mubi,NG,2020-11-04 01:18:35,10.27,13.26,74.98,42,0,3.06
560,Koscian,PL,2020-11-04 01:18:35,52.09,16.65,50.0,91,100,8.79
561,Buraydah,SA,2020-11-04 01:13:55,26.33,43.98,60.8,41,0,8.72
562,Nuuk,GL,2020-11-04 01:18:36,64.18,-51.72,35.01,74,75,42.5
563,Krasnoselkup,RU,2020-11-04 01:18:36,65.7,82.47,6.33,95,100,3.98
564,La Ronge,CA,2020-11-04 01:18:36,55.1,-105.28,44.6,70,100,2.24
565,Preobrazheniye,RU,2020-11-04 01:15:23,42.9,133.91,34.43,71,0,14.27
566,Mahon,ES,2020-11-04 01:18:36,39.89,4.27,60.8,82,94,14.99
567,Paungde,MM,2020-11-04 01:18:36,18.48,95.5,76.82,91,0,3.04
568,Yulara,AU,2020-11-04 01:10:24,-25.24,130.99,87.8,29,100,8.05
